epoch,time,train/box_loss,train/seg_loss,train/cls_loss,train/dfl_loss,train/sem_loss,metrics/precision(B),metrics/recall(B),metrics/mAP50(B),metrics/mAP50-95(B),metrics/precision(M),metrics/recall(M),metrics/mAP50(M),metrics/mAP50-95(M),val/box_loss,val/seg_loss,val/cls_loss,val/dfl_loss,val/sem_loss,lr/pg0,lr/pg1,lr/pg2
1,34.3682,1.70357,3.97327,2.97206,1.49717,0,0.03556,0.21622,0.04606,0.02152,0.00222,0.01351,0.00114,0.00017,2.35887,21.4043,2.91358,1.76021,0,4e-05,4e-05,0.09604
2,64.1942,1.4096,3.21454,2.52497,1.31133,0,0.02444,0.14865,0.02902,0.00835,0.00444,0.02703,0.00256,0.00056,2.74019,53.9649,3.05346,2.40426,0,6.03e-05,6.03e-05,0.0910603
3,91.5665,1.4934,3.00626,2.29313,1.38136,0,0.02111,0.12838,0.01446,0.00569,0,0,0,0,2.72583,88.6585,3.19396,2.41142,0,4.76e-05,4.76e-05,0.0860476
