epoch,time,train/box_loss,train/seg_loss,train/cls_loss,train/dfl_loss,train/sem_loss,metrics/precision(B),metrics/recall(B),metrics/mAP50(B),metrics/mAP50-95(B),metrics/precision(M),metrics/recall(M),metrics/mAP50(M),metrics/mAP50-95(M),val/box_loss,val/seg_loss,val/cls_loss,val/dfl_loss,val/sem_loss,lr/pg0,lr/pg1,lr/pg2
1,35.9251,1.62029,3.84014,2.95338,1.45784,0,0.03333,0.2027,0.02712,0.01421,0.00111,0.00676,0.00555,0.00063,2.23755,53.6209,2.84838,1.63648,0,4e-05,4e-05,0.09604
2,71.9441,1.3848,3.12439,2.50886,1.30297,0,0.03,0.18243,0.02138,0.00988,0,0,0,0,2.40237,107.217,2.93311,2.10411,0,6.03e-05,6.03e-05,0.0910603
3,106.047,1.46995,3.017,2.31716,1.38083,0,0.02444,0.14865,0.01622,0.00628,0,0,0,0,2.45614,113.39,3.11032,2.27648,0,4.76e-05,4.76e-05,0.0860476
